"Label (Grouping)","Massachusetts!!Estimate","Massachusetts!!Margin of Error","Massachusetts!!Percent","Massachusetts!!Percent Margin of Error","Barnstable County, Massachusetts!!Estimate","Barnstable County, Massachusetts!!Margin of Error","Barnstable County, Massachusetts!!Percent","Barnstable County, Massachusetts!!Percent Margin of Error","Berkshire County, Massachusetts!!Estimate","Berkshire County, Massachusetts!!Margin of Error","Berkshire County, Massachusetts!!Percent","Berkshire County, Massachusetts!!Percent Margin of Error","Bristol County, Massachusetts!!Estimate","Bristol County, Massachusetts!!Margin of Error","Bristol County, Massachusetts!!Percent","Bristol County, Massachusetts!!Percent Margin of Error","Dukes County, Massachusetts!!Estimate","Dukes County, Massachusetts!!Margin of Error","Dukes County, Massachusetts!!Percent","Dukes County, Massachusetts!!Percent Margin of Error","Essex County, Massachusetts!!Estimate","Essex County, Massachusetts!!Margin of Error","Essex County, Massachusetts!!Percent","Essex County, Massachusetts!!Percent Margin of Error","Franklin County, Massachusetts!!Estimate","Franklin County, Massachusetts!!Margin of Error","Franklin County, Massachusetts!!Percent","Franklin County, Massachusetts!!Percent Margin of Error","Hampden County, Massachusetts!!Estimate","Hampden County, Massachusetts!!Margin of Error","Hampden County, Massachusetts!!Percent","Hampden County, Massachusetts!!Percent Margin of Error","Hampshire County, Massachusetts!!Estimate","Hampshire County, Massachusetts!!Margin of Error","Hampshire County, Massachusetts!!Percent","Hampshire County, Massachusetts!!Percent Margin of Error","Middlesex County, Massachusetts!!Estimate","Middlesex County, Massachusetts!!Margin of Error","Middlesex County, Massachusetts!!Percent","Middlesex County, Massachusetts!!Percent Margin of Error","Nantucket County, Massachusetts!!Estimate","Nantucket County, Massachusetts!!Margin of Error","Nantucket County, Massachusetts!!Percent","Nantucket County, Massachusetts!!Percent Margin of Error","Norfolk County, Massachusetts!!Estimate","Norfolk County, Massachusetts!!Margin of Error","Norfolk County, Massachusetts!!Percent","Norfolk County, Massachusetts!!Percent Margin of Error","Plymouth County, Massachusetts!!Estimate","Plymouth County, Massachusetts!!Margin of Error","Plymouth County, Massachusetts!!Percent","Plymouth County, Massachusetts!!Percent Margin of Error","Suffolk County, Massachusetts!!Estimate","Suffolk County, Massachusetts!!Margin of Error","Suffolk County, Massachusetts!!Percent","Suffolk County, Massachusetts!!Percent Margin of Error","Worcester County, Massachusetts!!Estimate","Worcester County, Massachusetts!!Margin of Error","Worcester County, Massachusetts!!Percent","Worcester County, Massachusetts!!Percent Margin of Error"
"EMPLOYMENT STATUS","","","","","","","","","","","","","","","","","","","","","","","","","","","","","","","","","","","","","","","","","","","","","","","","","","","","","","","","","","","",""
"    Population 16 years and over","56,19,991","±1,584","56,19,991","(X)","1,85,069","±247","1,85,069","(X)","1,08,363","±191","1,08,363","(X)","4,56,450","±489","4,56,450","(X)","14,441","±171","14,441","(X)","6,33,115","±568","6,33,115","(X)","59,969","±118","59,969","(X)","3,78,775","±422","3,78,775","(X)","1,40,238","±195","1,40,238","(X)","13,12,708","±679","13,12,708","(X)","9,028","±40","9,028","(X)","5,68,020","±443","5,68,020","(X)","4,14,111","±503","4,14,111","(X)","6,71,930","±551","6,71,930","(X)","6,67,774","±626","6,67,774","(X)"
"        In labor force","37,78,642","±7,697","67.2%","±0.1","1,10,790","±1,151","59.9%","±0.6","68,344","±923","63.1%","±0.8","3,01,151","±1,900","66.0%","±0.4","8,977","±513","62.2%","±3.5","4,26,777","±2,249","67.4%","±0.4","38,994","±580","65.0%","±1.0","2,32,340","±1,880","61.3%","±0.5","89,695","±1,219","64.0%","±0.9","9,16,814","±3,259","69.8%","±0.2","6,682","±246","74.0%","±2.7","3,91,756","±2,043","69.0%","±0.4","2,80,026","±1,872","67.6%","±0.4","4,62,603","±2,647","68.8%","±0.4","4,43,693","±2,546","66.4%","±0.4"
"            Civilian labor force","37,73,721","±7,790","67.1%","±0.1","1,10,282","±1,156","59.6%","±0.6","68,314","±920","63.0%","±0.8","3,00,966","±1,892","65.9%","±0.4","8,970","±514","62.1%","±3.5","4,26,401","±2,273","67.3%","±0.4","38,991","±580","65.0%","±1.0","2,31,939","±1,875","61.2%","±0.5","89,520","±1,212","63.8%","±0.9","9,15,319","±3,342","69.7%","±0.3","6,654","±255","73.7%","±2.8","3,91,537","±2,043","68.9%","±0.4","2,79,842","±1,861","67.6%","±0.4","4,61,751","±2,613","68.7%","±0.4","4,43,235","±2,546","66.4%","±0.4"
"                Employed","35,70,257","±8,657","63.5%","±0.2","1,05,075","±1,224","56.8%","±0.7","64,233","±977","59.3%","±0.9","2,83,422","±1,902","62.1%","±0.4","8,684","±541","60.1%","±3.7","4,03,439","±2,420","63.7%","±0.4","36,982","±632","61.7%","±1.1","2,16,101","±2,017","57.1%","±0.5","84,200","±1,210","60.0%","±0.9","8,76,744","±3,712","66.8%","±0.3","6,471","±276","71.7%","±3.1","3,71,989","±2,210","65.5%","±0.4","2,64,683","±1,893","63.9%","±0.5","4,29,529","±2,675","63.9%","±0.4","4,18,705","±2,818","62.7%","±0.4"
"                Unemployed","2,03,464","±3,666","3.6%","±0.1","5,207","±521","2.8%","±0.3","4,081","±468","3.8%","±0.4","17,544","±1,065","3.8%","±0.2","286","±157","2.0%","±1.1","22,962","±1,048","3.6%","±0.2","2,009","±286","3.4%","±0.5","15,838","±921","4.2%","±0.2","5,320","±592","3.8%","±0.4","38,575","±1,514","2.9%","±0.1","183","±100","2.0%","±1.1","19,548","±1,115","3.4%","±0.2","15,159","±810","3.7%","±0.2","32,222","±1,414","4.8%","±0.2","24,530","±1,281","3.7%","±0.2"
"            Armed Forces","4,921","±478","0.1%","±0.1","508","±118","0.3%","±0.1","30","±31","0.0%","±0.1","185","±76","0.0%","±0.1","7","±7","0.0%","±0.1","376","±161","0.1%","±0.1","3","±4","0.0%","±0.1","401","±156","0.1%","±0.1","175","±105","0.1%","±0.1","1,495","±351","0.1%","±0.1","28","±45","0.3%","±0.5","219","±102","0.0%","±0.1","184","±91","0.0%","±0.1","852","±197","0.1%","±0.1","458","±150","0.1%","±0.1"
"        Not in labor force","18,41,349","±7,792","32.8%","±0.1","74,279","±1,194","40.1%","±0.6","40,019","±909","36.9%","±0.8","1,55,299","±1,918","34.0%","±0.4","5,464","±503","37.8%","±3.5","2,06,338","±2,374","32.6%","±0.4","20,975","±609","35.0%","±1.0","1,46,435","±1,877","38.7%","±0.5","50,543","±1,240","36.0%","±0.9","3,95,894","±3,220","30.2%","±0.2","2,346","±250","26.0%","±2.7","1,76,264","±2,111","31.0%","±0.4","1,34,085","±1,860","32.4%","±0.4","2,09,327","±2,601","31.2%","±0.4","2,24,081","±2,626","33.6%","±0.4"
"    Civilian labor force","37,73,721","±7,790","37,73,721","(X)","1,10,282","±1,156","1,10,282","(X)","68,314","±920","68,314","(X)","3,00,966","±1,892","3,00,966","(X)","8,970","±514","8,970","(X)","4,26,401","±2,273","4,26,401","(X)","38,991","±580","38,991","(X)","2,31,939","±1,875","2,31,939","(X)","89,520","±1,212","89,520","(X)","9,15,319","±3,342","9,15,319","(X)","6,654","±255","6,654","(X)","3,91,537","±2,043","3,91,537","(X)","2,79,842","±1,861","2,79,842","(X)","4,61,751","±2,613","4,61,751","(X)","4,43,235","±2,546","4,43,235","(X)"
"        Unemployment Rate","(X)","(X)","5.4%","±0.1","(X)","(X)","4.7%","±0.5","(X)","(X)","6.0%","±0.7","(X)","(X)","5.8%","±0.3","(X)","(X)","3.2%","±1.8","(X)","(X)","5.4%","±0.2","(X)","(X)","5.2%","±0.7","(X)","(X)","6.8%","±0.4","(X)","(X)","5.9%","±0.6","(X)","(X)","4.2%","±0.2","(X)","(X)","2.8%","±1.5","(X)","(X)","5.0%","±0.3","(X)","(X)","5.4%","±0.3","(X)","(X)","7.0%","±0.3","(X)","(X)","5.5%","±0.3"
"    Females 16 years and over","29,23,609","±1,372","29,23,609","(X)","97,394","±206","97,394","(X)","56,532","±127","56,532","(X)","2,37,938","±317","2,37,938","(X)","7,391","±164","7,391","(X)","3,32,513","±434","3,32,513","(X)","31,054","±116","31,054","(X)","1,98,440","±331","1,98,440","(X)","75,553","±180","75,553","(X)","6,76,735","±561","6,76,735","(X)","4,407","±18","4,407","(X)","2,99,019","±356","2,99,019","(X)","2,15,220","±307","2,15,220","(X)","3,49,760","±372","3,49,760","(X)","3,41,653","±435","3,41,653","(X)"
"        In labor force","18,53,086","±4,945","63.4%","±0.2","54,671","±743","56.1%","±0.8","34,208","±625","60.5%","±1.1","1,48,828","±1,337","62.5%","±0.6","4,488","±338","60.7%","±4.7","2,10,196","±1,648","63.2%","±0.5","19,589","±378","63.1%","±1.2","1,14,072","±1,378","57.5%","±0.7","47,026","±833","62.2%","±1.1","4,43,091","±2,629","65.5%","±0.4","3,079","±181","69.9%","±4.2","1,92,865","±1,566","64.5%","±0.5","1,37,013","±1,302","63.7%","±0.6","2,30,501","±1,657","65.9%","±0.5","2,13,459","±1,660","62.5%","±0.5"
"            Civilian labor force","18,52,513","±4,976","63.4%","±0.2","54,606","±746","56.1%","±0.8","34,208","±625","60.5%","±1.1","1,48,761","±1,326","62.5%","±0.6","4,488","±338","60.7%","±4.7","2,10,190","±1,649","63.2%","±0.5","19,586","±378","63.1%","±1.2","1,14,031","±1,380","57.5%","±0.7","47,026","±833","62.2%","±1.1","4,42,911","±2,640","65.4%","±0.4","3,079","±181","69.9%","±4.2","1,92,847","±1,565","64.5%","±0.5","1,36,991","±1,298","63.7%","±0.6","2,30,397","±1,651","65.9%","±0.5","2,13,392","±1,658","62.5%","±0.5"
"                Employed","17,60,539","±5,570","60.2%","±0.2","52,555","±772","54.0%","±0.8","32,670","±676","57.8%","±1.2","1,40,794","±1,333","59.2%","±0.6","4,271","±353","57.8%","±4.9","1,99,783","±1,730","60.1%","±0.5","18,736","±439","60.3%","±1.4","1,07,230","±1,440","54.0%","±0.7","44,761","±887","59.2%","±1.2","4,24,532","±2,756","62.7%","±0.4","3,030","±185","68.8%","±4.2","1,83,659","±1,768","61.4%","±0.6","1,30,234","±1,329","60.5%","±0.6","2,15,493","±1,815","61.6%","±0.5","2,02,791","±1,730","59.4%","±0.5"
"    Own children of the householder under 6 years","4,21,415","±2,104","4,21,415","(X)","8,919","±311","8,919","(X)","6,315","±269","6,315","(X)","34,436","±559","34,436","(X)","780","±107","780","(X)","51,052","±740","51,052","(X)","3,586","±149","3,586","(X)","30,505","±555","30,505","(X)","6,639","±233","6,639","(X)","1,02,723","±918","1,02,723","(X)","774","±44","774","(X)","44,378","±557","44,378","(X)","31,772","±566","31,772","(X)","48,367","±680","48,367","(X)","51,169","±770","51,169","(X)"
"        All parents in family in labor force","3,05,789","±3,513","72.6%","±0.7","6,541","±448","73.3%","±4.5","5,054","±320","80.0%","±3.7","25,600","±838","74.3%","±2.1","659","±85","84.5%","±10.0","37,655","±1,064","73.8%","±1.8","2,665","±179","74.3%","±4.1","20,000","±899","65.6%","±2.7","4,840","±368","72.9%","±5.0","73,421","±1,407","71.5%","±1.2","587","±106","75.8%","±13.3","32,298","±1,055","72.8%","±2.1","23,597","±798","74.3%","±2.3","36,108","±1,076","74.7%","±2.1","36,764","±997","71.8%","±1.8"
"    Own children of the householder 6 to 17 years","9,04,859","±2,188","9,04,859","(X)","22,051","±417","22,051","(X)","14,158","±304","14,158","(X)","76,560","±772","76,560","(X)","2,409","±187","2,409","(X)","1,12,128","±854","1,12,128","(X)","8,256","±198","8,256","(X)","66,769","±742","66,769","(X)","16,554","±286","16,554","(X)","2,09,826","±1,068","2,09,826","(X)","1,512","±57","1,512","(X)","1,00,616","±645","1,00,616","(X)","76,167","±570","76,167","(X)","79,803","±908","79,803","(X)","1,18,050","±721","1,18,050","(X)"
"        All parents in family in labor force","6,94,127","±4,478","76.7%","±0.5","17,421","±651","79.0%","±2.4","11,763","±461","83.1%","±2.5","60,041","±1,327","78.4%","±1.6","2,167","±242","90.0%","±5.9","85,722","±1,509","76.5%","±1.2","6,658","±289","80.6%","±2.8","48,030","±1,446","71.9%","±2.0","13,625","±494","82.3%","±2.6","1,59,865","±1,767","76.2%","±0.8","1,260","±119","83.3%","±7.1","75,907","±1,337","75.4%","±1.4","60,180","±1,213","79.0%","±1.5","60,573","±1,243","75.9%","±1.5","90,915","±1,784","77.0%","±1.3"
"COMMUTING TO WORK","","","","","","","","","","","","","","","","","","","","","","","","","","","","","","","","","","","","","","","","","","","","","","","","","","","","","","","","","","","",""
"    Workers 16 years and over","35,00,223","±8,983","35,00,223","(X)","1,02,740","±1,295","1,02,740","(X)","63,061","±997","63,061","(X)","2,77,714","±2,000","2,77,714","(X)","8,419","±553","8,419","(X)","3,95,222","±2,607","3,95,222","(X)","36,186","±651","36,186","(X)","2,12,684","±2,046","2,12,684","(X)","81,913","±1,217","81,913","(X)","8,61,576","±3,516","8,61,576","(X)","6,303","±271","6,303","(X)","3,64,457","±2,285","3,64,457","(X)","2,58,416","±1,929","2,58,416","(X)","4,21,256","±2,688","4,21,256","(X)","4,10,276","±2,905","4,10,276","(X)"
"        Car, truck, or van -- drove alone","24,58,064","±9,516","70.2%","±0.2","82,636","±1,389","80.4%","±0.9","48,863","±1,107","77.5%","±1.3","2,26,105","±2,395","81.4%","±0.6","6,052","±432","71.9%","±4.4","2,92,470","±3,120","74.0%","±0.6","27,926","±589","77.2%","±1.3","1,75,088","±2,204","82.3%","±0.6","58,149","±1,326","71.0%","±1.2","5,80,710","±4,067","67.4%","±0.4","4,592","±357","72.9%","±5.0","2,47,349","±2,774","67.9%","±0.6","2,06,197","±2,222","79.8%","±0.7","1,71,643","±2,867","40.7%","±0.6","3,30,284","±3,140","80.5%","±0.5"
"        Car, truck, or van -- carpooled","2,62,975","±4,858","7.5%","±0.1","7,487","±664","7.3%","±0.6","4,948","±514","7.8%","±0.8","24,436","±1,210","8.8%","±0.4","520","±209","6.2%","±2.4","33,957","±1,288","8.6%","±0.3","3,354","±371","9.3%","±1.0","16,491","±1,016","7.8%","±0.5","6,048","±773","7.4%","±0.9","58,713","±2,288","6.8%","±0.3","449","±141","7.1%","±2.2","26,086","±1,314","7.2%","±0.4","18,805","±1,033","7.3%","±0.4","28,114","±1,450","6.7%","±0.3","33,567","±1,319","8.2%","±0.3"
"        Public transportation (excluding taxicab)","3,58,143","±4,211","10.2%","±0.1","1,310","±241","1.3%","±0.2","727","±218","1.2%","±0.3","7,549","±680","2.7%","±0.2","214","±112","2.5%","±1.4","23,265","±1,015","5.9%","±0.3","682","±190","1.9%","±0.5","3,937","±496","1.9%","±0.2","2,542","±400","3.1%","±0.5","1,06,409","±2,321","12.4%","±0.3","33","±29","0.5%","±0.5","52,570","±2,064","14.4%","±0.6","14,643","±838","5.7%","±0.3","1,37,059","±2,540","32.5%","±0.5","7,203","±657","1.8%","±0.2"
"        Walked","1,71,603","±3,058","4.9%","±0.1","2,734","±326","2.7%","±0.3","3,797","±352","6.0%","±0.6","7,432","±538","2.7%","±0.2","335","±158","4.0%","±1.8","12,966","±925","3.3%","±0.2","1,439","±265","4.0%","±0.7","6,576","±583","3.1%","±0.3","7,494","±527","9.1%","±0.7","43,428","±1,380","5.0%","±0.2","646","±273","10.2%","±4.2","13,476","±862","3.7%","±0.2","3,928","±508","1.5%","±0.2","56,004","±1,803","13.3%","±0.4","11,348","±751","2.8%","±0.2"
"        Other means","73,404","±2,286","2.1%","±0.1","1,551","±257","1.5%","±0.3","968","±282","1.5%","±0.4","2,485","±360","0.9%","±0.1","300","±208","3.6%","±2.4","9,662","±893","2.4%","±0.2","345","±100","1.0%","±0.3","2,981","±485","1.4%","±0.2","1,453","±297","1.8%","±0.4","22,532","±1,192","2.6%","±0.1","208","±105","3.3%","±1.6","5,999","±699","1.6%","±0.2","3,058","±441","1.2%","±0.2","15,144","±972","3.6%","±0.2","6,718","±744","1.6%","±0.2"
"        Worked at home","1,76,034","±2,721","5.0%","±0.1","7,022","±578","6.8%","±0.5","3,758","±437","6.0%","±0.7","9,707","±640","3.5%","±0.2","998","±277","11.9%","±2.9","22,902","±1,089","5.8%","±0.3","2,440","±264","6.7%","±0.7","7,611","±689","3.6%","±0.3","6,227","±537","7.6%","±0.6","49,784","±1,408","5.8%","±0.2","375","±131","5.9%","±2.1","18,977","±1,028","5.2%","±0.3","11,785","±842","4.6%","±0.3","13,292","±816","3.2%","±0.2","21,156","±1,230","5.2%","±0.3"
"        Mean travel time to work (minutes)","29.7","±0.1","(X)","(X)","23.3","±0.5","(X)","(X)","19.9","±0.5","(X)","(X)","28.2","±0.3","(X)","(X)","13.0","±0.9","(X)","(X)","30.2","±0.3","(X)","(X)","24.4","±0.7","(X)","(X)","22.6","±0.2","(X)","(X)","23.2","±0.5","(X)","(X)","30.9","±0.2","(X)","(X)","11.4","±2.3","(X)","(X)","34.2","±0.3","(X)","(X)","33.3","±0.4","(X)","(X)","31.1","±0.2","(X)","(X)","29.2","±0.3","(X)","(X)"
"OCCUPATION","","","","","","","","","","","","","","","","","","","","","","","","","","","","","","","","","","","","","","","","","","","","","","","","","","","","","","","","","","","",""
"    Civilian employed population 16 years and over","35,70,257","±8,657","35,70,257","(X)","1,05,075","±1,224","1,05,075","(X)","64,233","±977","64,233","(X)","2,83,422","±1,902","2,83,422","(X)","8,684","±541","8,684","(X)","4,03,439","±2,420","4,03,439","(X)","36,982","±632","36,982","(X)","2,16,101","±2,017","2,16,101","(X)","84,200","±1,210","84,200","(X)","8,76,744","±3,712","8,76,744","(X)","6,471","±276","6,471","(X)","3,71,989","±2,210","3,71,989","(X)","2,64,683","±1,893","2,64,683","(X)","4,29,529","±2,675","4,29,529","(X)","4,18,705","±2,818","4,18,705","(X)"
"        Management, business, science, and arts occupations","16,43,529","±10,322","46.0%","±0.2","40,610","±1,145","38.6%","±1.1","24,367","±946","37.9%","±1.4","1,04,571","±1,805","36.9%","±0.6","3,810","±467","43.9%","±4.7","1,67,689","±2,236","41.6%","±0.5","15,543","±704","42.0%","±1.7","76,124","±1,898","35.2%","±0.7","39,397","±1,145","46.8%","±1.2","4,90,777","±4,230","56.0%","±0.4","2,325","±250","35.9%","±3.9","1,97,307","±2,599","53.0%","±0.6","1,05,611","±1,962","39.9%","±0.8","2,00,045","±2,829","46.6%","±0.6","1,75,353","±2,620","41.9%","±0.6"
"        Service occupations","6,24,434","±5,873","17.5%","±0.2","22,303","±902","21.2%","±0.9","13,878","±701","21.6%","±1.1","52,310","±1,629","18.5%","±0.5","1,307","±303","15.1%","±3.2","74,204","±1,865","18.4%","±0.5","6,669","±484","18.0%","±1.3","45,559","±1,593","21.1%","±0.7","16,017","±825","19.0%","±0.9","1,23,562","±3,073","14.1%","±0.3","1,121","±220","17.3%","±3.2","52,912","±1,807","14.2%","±0.5","50,183","±1,812","19.0%","±0.7","91,514","±2,246","21.3%","±0.5","72,895","±1,820","17.4%","±0.4"
"        Sales and office occupations","7,26,280","±5,945","20.3%","±0.1","22,993","±926","21.9%","±0.8","13,689","±731","21.3%","±1.1","62,096","±1,663","21.9%","±0.6","1,339","±284","15.4%","±3.4","85,573","±1,801","21.2%","±0.4","7,056","±393","19.1%","±1.1","48,213","±1,556","22.3%","±0.7","16,929","±969","20.1%","±1.1","1,57,224","±2,855","17.9%","±0.3","1,603","±199","24.8%","±2.8","77,126","±1,736","20.7%","±0.4","59,415","±1,646","22.4%","±0.6","83,618","±2,298","19.5%","±0.5","89,406","±2,059","21.4%","±0.4"
"        Natural resources, construction, and maintenance occupations","2,41,808","±3,558","6.8%","±0.1","11,001","±685","10.5%","±0.6","5,685","±453","8.9%","±0.7","26,989","±1,194","9.5%","±0.4","1,190","±279","13.7%","±3.2","28,548","±1,397","7.1%","±0.3","3,444","±330","9.3%","±0.9","16,155","±869","7.5%","±0.4","5,283","±467","6.3%","±0.6","46,399","±1,405","5.3%","±0.2","1,035","±173","16.0%","±2.6","20,811","±951","5.6%","±0.3","22,958","±1,161","8.7%","±0.4","20,865","±1,136","4.9%","±0.3","31,445","±1,148","7.5%","±0.3"
"        Production, transportation, and material moving occupations","3,34,206","±3,810","9.4%","±0.1","8,168","±726","7.8%","±0.7","6,614","±597","10.3%","±0.9","37,456","±1,460","13.2%","±0.5","1,038","±394","12.0%","±4.3","47,425","±1,509","11.8%","±0.4","4,270","±368","11.5%","±0.9","30,050","±1,356","13.9%","±0.6","6,574","±648","7.8%","±0.7","58,782","±1,730","6.7%","±0.2","387","±126","6.0%","±1.9","23,833","±1,094","6.4%","±0.3","26,516","±1,270","10.0%","±0.5","33,487","±1,443","7.8%","±0.3","49,606","±1,688","11.8%","±0.4"
"INDUSTRY","","","","","","","","","","","","","","","","","","","","","","","","","","","","","","","","","","","","","","","","","","","","","","","","","","","","","","","","","","","",""
"    Civilian employed population 16 years and over","35,70,257","±8,657","35,70,257","(X)","1,05,075","±1,224","1,05,075","(X)","64,233","±977","64,233","(X)","2,83,422","±1,902","2,83,422","(X)","8,684","±541","8,684","(X)","4,03,439","±2,420","4,03,439","(X)","36,982","±632","36,982","(X)","2,16,101","±2,017","2,16,101","(X)","84,200","±1,210","84,200","(X)","8,76,744","±3,712","8,76,744","(X)","6,471","±276","6,471","(X)","3,71,989","±2,210","3,71,989","(X)","2,64,683","±1,893","2,64,683","(X)","4,29,529","±2,675","4,29,529","(X)","4,18,705","±2,818","4,18,705","(X)"
"        Agriculture, forestry, fishing and hunting, and mining","14,765","±894","0.4%","±0.1","1,032","±255","1.0%","±0.2","747","±196","1.2%","±0.3","1,943","±404","0.7%","±0.1","237","±135","2.7%","±1.5","1,446","±273","0.4%","±0.1","861","±203","2.3%","±0.5","1,239","±370","0.6%","±0.2","773","±167","0.9%","±0.2","1,742","±319","0.2%","±0.1","125","±71","1.9%","±1.1","742","±193","0.2%","±0.1","1,305","±222","0.5%","±0.1","489","±130","0.1%","±0.1","2,084","±326","0.5%","±0.1"
"        Construction","2,01,006","±3,695","5.6%","±0.1","10,189","±748","9.7%","±0.7","4,489","±438","7.0%","±0.7","20,334","±1,027","7.2%","±0.4","1,395","±313","16.1%","±3.4","22,942","±1,286","5.7%","±0.3","2,301","±297","6.2%","±0.8","10,487","±721","4.9%","±0.3","3,771","±443","4.5%","±0.5","40,193","±1,526","4.6%","±0.2","843","±171","13.0%","±2.6","20,036","±966","5.4%","±0.3","20,595","±1,106","7.8%","±0.4","17,712","±1,077","4.1%","±0.2","25,719","±1,139","6.1%","±0.3"
"        Manufacturing","3,16,985","±3,536","8.9%","±0.1","4,143","±522","3.9%","±0.5","5,167","±444","8.0%","±0.7","31,583","±1,118","11.1%","±0.4","326","±170","3.8%","±1.9","42,788","±1,222","10.6%","±0.3","3,598","±321","9.7%","±0.8","24,435","±1,182","11.3%","±0.5","5,517","±461","6.6%","±0.5","85,499","±1,742","9.8%","±0.2","124","±48","1.9%","±0.7","24,106","±1,149","6.5%","±0.3","17,821","±1,064","6.7%","±0.4","20,408","±1,140","4.8%","±0.3","51,470","±1,642","12.3%","±0.4"
"        Wholesale trade","79,357","±1,962","2.2%","±0.1","2,013","±298","1.9%","±0.3","745","±141","1.2%","±0.2","9,695","±772","3.4%","±0.3","97","±107","1.1%","±1.2","9,697","±721","2.4%","±0.2","779","±148","2.1%","±0.4","5,866","±560","2.7%","±0.3","1,408","±305","1.7%","±0.4","16,635","±986","1.9%","±0.1","107","±66","1.7%","±1.0","8,138","±546","2.2%","±0.1","7,071","±542","2.7%","±0.2","7,321","±622","1.7%","±0.1","9,785","±679","2.3%","±0.2"
"        Retail trade","3,68,361","±4,199","10.3%","±0.1","14,066","±760","13.4%","±0.7","7,437","±606","11.6%","±0.9","36,150","±1,436","12.8%","±0.5","834","±285","9.6%","±3.2","43,786","±1,685","10.9%","±0.4","3,880","±381","10.5%","±1.0","25,879","±1,014","12.0%","±0.5","8,589","±706","10.2%","±0.8","76,249","±2,002","8.7%","±0.2","784","±216","12.1%","±3.1","35,717","±1,375","9.6%","±0.4","30,927","±1,374","11.7%","±0.5","36,525","±1,394","8.5%","±0.3","47,538","±1,379","11.4%","±0.3"
"        Transportation and warehousing, and utilities","1,34,050","±2,684","3.8%","±0.1","3,796","±401","3.6%","±0.4","2,199","±267","3.4%","±0.4","12,121","±798","4.3%","±0.3","325","±166","3.7%","±1.9","15,576","±853","3.9%","±0.2","1,400","±235","3.8%","±0.6","11,168","±744","5.2%","±0.3","2,480","±454","2.9%","±0.5","24,640","±1,188","2.8%","±0.1","247","±126","3.8%","±2.0","12,930","±970","3.5%","±0.3","12,240","±865","4.6%","±0.3","17,538","±1,036","4.1%","±0.2","17,390","±930","4.2%","±0.2"
"        Information","83,154","±1,504","2.3%","±0.1","1,838","±289","1.7%","±0.3","1,208","±218","1.9%","±0.3","4,552","±393","1.6%","±0.1","100","±65","1.2%","±0.8","8,819","±644","2.2%","±0.2","771","±176","2.1%","±0.5","3,503","±424","1.6%","±0.2","1,507","±309","1.8%","±0.4","27,949","±1,028","3.2%","±0.1","88","±53","1.4%","±0.8","9,817","±619","2.6%","±0.2","5,302","±544","2.0%","±0.2","9,441","±658","2.2%","±0.2","8,259","±519","2.0%","±0.1"
"        Finance and insurance, and real estate and rental and leasing","2,64,297","±3,138","7.4%","±0.1","6,193","±497","5.9%","±0.5","3,210","±400","5.0%","±0.6","16,108","±806","5.7%","±0.3","569","±171","6.6%","±2.0","27,234","±1,205","6.8%","±0.3","1,471","±210","4.0%","±0.6","15,323","±890","7.1%","±0.4","4,110","±433","4.9%","±0.5","63,101","±1,487","7.2%","±0.2","528","±134","8.2%","±2.0","39,322","±1,189","10.6%","±0.3","22,706","±1,065","8.6%","±0.4","37,250","±1,360","8.7%","±0.3","27,172","±1,182","6.5%","±0.3"
"        Professional, scientific, and management, and administrative and waste management services","4,91,433","±4,848","13.8%","±0.1","12,886","±828","12.3%","±0.8","6,106","±462","9.5%","±0.7","25,968","±1,248","9.2%","±0.5","1,121","±260","12.9%","±2.9","54,253","±1,415","13.4%","±0.3","2,854","±307","7.7%","±0.8","16,344","±931","7.6%","±0.4","7,199","±599","8.5%","±0.7","1,59,427","±2,578","18.2%","±0.3","1,078","±262","16.7%","±4.1","57,702","±1,716","15.5%","±0.4","29,759","±1,283","11.2%","±0.5","70,143","±1,794","16.3%","±0.4","46,593","±1,422","11.1%","±0.3"
"        Educational services, and health care and social assistance","10,07,123","±7,030","28.2%","±0.2","26,138","±756","24.9%","±0.7","20,029","±857","31.2%","±1.3","75,811","±1,763","26.7%","±0.6","2,091","±403","24.1%","±4.4","1,03,579","±1,927","25.7%","±0.5","12,893","±551","34.9%","±1.5","63,755","±1,648","29.5%","±0.7","34,240","±1,095","40.7%","±1.2","2,50,453","±2,993","28.6%","±0.3","1,194","±186","18.5%","±2.9","1,04,670","±2,252","28.1%","±0.6","67,914","±1,526","25.7%","±0.6","1,28,049","±2,788","29.8%","±0.6","1,16,307","±2,152","27.8%","±0.5"
"        Arts, entertainment, and recreation, and accommodation and food services","3,11,717","±4,469","8.7%","±0.1","12,377","±858","11.8%","±0.8","7,164","±620","11.2%","±0.9","25,109","±1,321","8.9%","±0.4","636","±258","7.3%","±3.0","37,565","±1,611","9.3%","±0.4","2,838","±294","7.7%","±0.8","19,169","±949","8.9%","±0.4","8,139","±662","9.7%","±0.8","63,413","±1,963","7.2%","±0.2","755","±186","11.7%","±2.8","29,255","±1,478","7.9%","±0.4","25,484","±1,357","9.6%","±0.5","47,518","±1,591","11.1%","±0.4","32,295","±1,381","7.7%","±0.3"
"        Other services, except public administration","1,59,705","±2,733","4.5%","±0.1","5,340","±514","5.1%","±0.5","3,365","±448","5.2%","±0.7","12,102","±893","4.3%","±0.3","548","±198","6.3%","±2.2","19,888","±1,055","4.9%","±0.3","1,640","±194","4.4%","±0.5","8,930","±670","4.1%","±0.3","3,367","±410","4.0%","±0.5","37,984","±1,437","4.3%","±0.2","331","±108","5.1%","±1.6","15,928","±902","4.3%","±0.2","12,157","±840","4.6%","±0.3","19,984","±993","4.7%","±0.2","18,141","±1,060","4.3%","±0.2"
"        Public administration","1,38,304","±2,879","3.9%","±0.1","5,064","±404","4.8%","±0.4","2,367","±344","3.7%","±0.5","11,946","±847","4.2%","±0.3","405","±158","4.7%","±1.8","15,866","±980","3.9%","±0.2","1,696","±239","4.6%","±0.6","10,003","±584","4.6%","±0.3","3,100","±362","3.7%","±0.4","29,459","±1,342","3.4%","±0.2","267","±125","4.1%","±1.9","13,626","±867","3.7%","±0.2","11,402","±808","4.3%","±0.3","17,151","±998","4.0%","±0.2","15,952","±905","3.8%","±0.2"
"CLASS OF WORKER","","","","","","","","","","","","","","","","","","","","","","","","","","","","","","","","","","","","","","","","","","","","","","","","","","","","","","","","","","","",""
"    Civilian employed population 16 years and over","35,70,257","±8,657","35,70,257","(X)","1,05,075","±1,224","1,05,075","(X)","64,233","±977","64,233","(X)","2,83,422","±1,902","2,83,422","(X)","8,684","±541","8,684","(X)","4,03,439","±2,420","4,03,439","(X)","36,982","±632","36,982","(X)","2,16,101","±2,017","2,16,101","(X)","84,200","±1,210","84,200","(X)","8,76,744","±3,712","8,76,744","(X)","6,471","±276","6,471","(X)","3,71,989","±2,210","3,71,989","(X)","2,64,683","±1,893","2,64,683","(X)","4,29,529","±2,675","4,29,529","(X)","4,18,705","±2,818","4,18,705","(X)"
"        Private wage and salary workers","29,28,392","±8,362","82.0%","±0.1","79,295","±1,283","75.5%","±0.9","50,440","±998","78.5%","±0.9","2,33,596","±2,145","82.4%","±0.6","5,529","±469","63.7%","±3.4","3,32,228","±2,797","82.3%","±0.4","26,432","±684","71.5%","±1.5","1,73,275","±2,185","80.2%","±0.6","61,026","±1,193","72.5%","±1.0","7,28,119","±3,697","83.0%","±0.3","4,681","±365","72.3%","±4.5","3,09,491","±2,604","83.2%","±0.4","2,15,862","±2,211","81.6%","±0.5","3,66,809","±2,940","85.4%","±0.4","3,41,609","±2,984","81.6%","±0.5"
"        Government workers","4,30,312","±5,178","12.1%","±0.1","12,851","±683","12.2%","±0.6","8,199","±545","12.8%","±0.8","36,278","±1,467","12.8%","±0.5","1,283","±285","14.8%","±3.2","46,251","±1,349","11.5%","±0.3","6,862","±433","18.6%","±1.1","31,876","±1,181","14.8%","±0.5","16,966","±801","20.1%","±0.9","93,470","±2,129","10.7%","±0.2","819","±209","12.7%","±3.2","42,167","±1,272","11.3%","±0.3","33,706","±1,370","12.7%","±0.5","45,553","±1,742","10.6%","±0.4","54,031","±1,630","12.9%","±0.4"
"        Self-employed in own not incorporated business workers","2,06,911","±2,996","5.8%","±0.1","12,780","±769","12.2%","±0.7","5,406","±372","8.4%","±0.6","13,126","±834","4.6%","±0.3","1,846","±302","21.3%","±3.2","24,464","±1,086","6.1%","±0.3","3,591","±343","9.7%","±0.9","10,610","±687","4.9%","±0.3","6,141","±472","7.3%","±0.5","54,427","±1,541","6.2%","±0.2","968","±227","15.0%","±3.5","19,831","±904","5.3%","±0.2","14,799","±884","5.6%","±0.3","16,737","±1,013","3.9%","±0.2","22,185","±1,082","5.3%","±0.3"
"        Unpaid family workers","4,642","±424","0.1%","±0.1","149","±69","0.1%","±0.1","188","±110","0.3%","±0.2","422","±164","0.1%","±0.1","26","±33","0.3%","±0.4","496","±160","0.1%","±0.1","97","±53","0.3%","±0.1","340","±113","0.2%","±0.1","67","±46","0.1%","±0.1","728","±150","0.1%","±0.1","3","±5","0.0%","±0.1","500","±142","0.1%","±0.1","316","±97","0.1%","±0.1","430","±139","0.1%","±0.1","880","±220","0.2%","±0.1"
"INCOME AND BENEFITS (IN 2018 INFLATION-ADJUSTED DOLLARS)","","","","","","","","","","","","","","","","","","","","","","","","","","","","","","","","","","","","","","","","","","","","","","","","","","","","","","","","","","","",""
"    Total households","26,01,914","±4,637","26,01,914","(X)","94,292","±1,216","94,292","(X)","55,167","±715","55,167","(X)","2,16,618","±1,222","2,16,618","(X)","6,367","±467","6,367","(X)","2,92,659","±1,070","2,92,659","(X)","30,328","±460","30,328","(X)","1,79,043","±946","1,79,043","(X)","58,665","±647","58,665","(X)","6,00,032","±1,943","6,00,032","(X)","3,722","±243","3,722","(X)","2,63,551","±1,031","2,63,551","(X)","1,86,306","±956","1,86,306","(X)","3,07,870","±1,361","3,07,870","(X)","3,07,294","±1,353","3,07,294","(X)"
"        Less than $10,000","1,41,665","±2,941","5.4%","±0.1","3,276","±356","3.5%","±0.4","3,319","±352","6.0%","±0.6","11,694","±817","5.4%","±0.4","282","±144","4.4%","±2.3","15,634","±922","5.3%","±0.3","1,317","±233","4.3%","±0.8","13,415","±712","7.5%","±0.4","3,514","±457","6.0%","±0.8","25,673","±1,141","4.3%","±0.2","85","±41","2.3%","±1.1","9,775","±821","3.7%","±0.3","7,436","±622","4.0%","±0.3","30,410","±1,248","9.9%","±0.4","15,835","±865","5.2%","±0.3"
"        $10,000 to $14,999","1,17,095","±2,460","4.5%","±0.1","3,521","±366","3.7%","±0.4","2,789","±332","5.1%","±0.6","12,292","±824","5.7%","±0.4","151","±81","2.4%","±1.2","13,631","±911","4.7%","±0.3","1,644","±219","5.4%","±0.7","11,608","±707","6.5%","±0.4","2,782","±364","4.7%","±0.6","19,143","±874","3.2%","±0.1","98","±72","2.6%","±1.9","8,061","±606","3.1%","±0.2","6,425","±623","3.4%","±0.3","20,899","±879","6.8%","±0.3","14,051","±860","4.6%","±0.3"
"        $15,000 to $24,999","1,96,006","±2,842","7.5%","±0.1","7,604","±501","8.1%","±0.5","5,810","±481","10.5%","±0.9","20,363","±1,011","9.4%","±0.5","479","±145","7.5%","±2.2","22,358","±1,026","7.6%","±0.4","3,371","±318","11.1%","±1.1","19,403","±870","10.8%","±0.5","4,347","±349","7.4%","±0.6","34,856","±1,238","5.8%","±0.2","158","±62","4.2%","±1.7","14,624","±784","5.5%","±0.3","11,606","±811","6.2%","±0.4","26,437","±1,345","8.6%","±0.4","24,590","±955","8.0%","±0.3"
"        $25,000 to $34,999","1,83,088","±2,798","7.0%","±0.1","7,885","±664","8.4%","±0.7","5,564","±505","10.1%","±0.9","17,327","±957","8.0%","±0.4","589","±164","9.3%","±2.6","20,646","±961","7.1%","±0.3","2,682","±263","8.8%","±0.8","17,808","±716","9.9%","±0.4","5,501","±516","9.4%","±0.9","32,726","±1,107","5.5%","±0.2","279","±130","7.5%","±3.4","14,065","±769","5.3%","±0.3","12,321","±733","6.6%","±0.4","21,709","±1,059","7.1%","±0.3","23,986","±1,111","7.8%","±0.4"
"        $35,000 to $49,999","2,49,407","±3,148","9.6%","±0.1","11,092","±722","11.8%","±0.8","7,358","±553","13.3%","±1.0","23,699","±996","10.9%","±0.5","762","±253","12.0%","±3.7","28,780","±980","9.8%","±0.3","3,832","±307","12.6%","±1.0","22,481","±958","12.6%","±0.5","6,518","±546","11.1%","±0.9","47,109","±1,306","7.9%","±0.2","257","±83","6.9%","±2.2","19,872","±999","7.5%","±0.4","17,545","±980","9.4%","±0.5","28,397","±1,080","9.2%","±0.3","31,705","±1,291","10.3%","±0.4"
"        $50,000 to $74,999","3,82,288","±3,525","14.7%","±0.1","16,728","±695","17.7%","±0.7","9,413","±590","17.1%","±1.0","34,764","±1,196","16.0%","±0.5","961","±230","15.1%","±3.1","43,973","±1,329","15.0%","±0.4","5,729","±372","18.9%","±1.2","29,105","±1,126","16.3%","±0.6","9,080","±593","15.5%","±1.0","78,223","±2,028","13.0%","±0.3","571","±144","15.3%","±3.6","34,547","±1,393","13.1%","±0.5","27,295","±1,170","14.7%","±0.6","43,194","±1,181","14.0%","±0.4","48,705","±1,527","15.8%","±0.5"
"        $75,000 to $99,999","3,11,620","±3,080","12.0%","±0.1","12,792","±738","13.6%","±0.7","6,742","±459","12.2%","±0.8","27,954","±881","12.9%","±0.4","841","±205","13.2%","±3.0","35,281","±1,182","12.1%","±0.4","4,308","±290","14.2%","±1.0","21,258","±769","11.9%","±0.4","7,903","±526","13.5%","±0.9","69,426","±1,852","11.6%","±0.3","283","±87","7.6%","±2.3","31,417","±999","11.9%","±0.4","23,185","±1,133","12.4%","±0.6","31,484","±1,239","10.2%","±0.4","38,746","±1,234","12.6%","±0.4"
"        $100,000 to $149,999","4,61,850","±3,911","17.8%","±0.1","17,076","±738","18.1%","±0.8","8,284","±567","15.0%","±1.0","37,062","±1,171","17.1%","±0.5","1,137","±236","17.9%","±3.8","49,355","±1,411","16.9%","±0.5","4,379","±301","14.4%","±1.0","25,287","±928","14.1%","±0.5","10,222","±529","17.4%","±0.9","1,14,715","±1,882","19.1%","±0.3","938","±162","25.2%","±4.5","51,555","±1,312","19.6%","±0.5","38,366","±1,255","20.6%","±0.7","47,462","±1,288","15.4%","±0.4","56,012","±1,453","18.2%","±0.5"
"        $150,000 to $199,999","2,47,215","±3,202","9.5%","±0.1","6,936","±468","7.4%","±0.5","2,897","±298","5.3%","±0.5","17,240","±919","8.0%","±0.4","384","±115","6.0%","±1.8","27,897","±1,007","9.5%","±0.3","1,761","±219","5.8%","±0.7","10,390","±693","5.8%","±0.4","4,525","±412","7.7%","±0.7","71,604","±1,963","11.9%","±0.3","487","±124","13.1%","±3.1","30,935","±1,040","11.7%","±0.4","20,109","±894","10.8%","±0.5","25,001","±1,058","8.1%","±0.3","27,049","±940","8.8%","±0.3"
"        $200,000 or more","3,11,680","±3,245","12.0%","±0.1","7,382","±487","7.8%","±0.5","2,991","±321","5.4%","±0.6","14,223","±805","6.6%","±0.4","781","±191","12.3%","±3.0","35,104","±946","12.0%","±0.3","1,305","±166","4.3%","±0.6","8,288","±627","4.6%","±0.3","4,273","±337","7.3%","±0.6","1,06,557","±1,763","17.8%","±0.3","566","±102","15.2%","±2.6","48,700","±1,280","18.5%","±0.5","22,018","±902","11.8%","±0.5","32,877","±1,062","10.7%","±0.4","26,615","±954","8.7%","±0.3"
"        Median household income (dollars)","77,378","±425","(X)","(X)","70,621","±1,245","(X)","(X)","56,674","±1,559","(X)","(X)","66,157","±880","(X)","(X)","71,224","±12,123","(X)","(X)","75,878","±1,022","(X)","(X)","59,522","±1,827","(X)","(X)","53,403","±860","(X)","(X)","67,044","±1,955","(X)","(X)","97,012","±1,021","(X)","(X)","1,05,171","±5,612","(X)","(X)","99,511","±1,321","(X)","(X)","85,654","±1,241","(X)","(X)","64,582","±805","(X)","(X)","71,895","±745","(X)","(X)"
"        Mean household income (dollars)","1,06,627","±460","(X)","(X)","95,153","±2,011","(X)","(X)","77,382","±1,585","(X)","(X)","85,905","±1,129","(X)","(X)","1,07,889","±9,983","(X)","(X)","1,05,540","±1,189","(X)","(X)","78,029","±3,104","(X)","(X)","73,364","±1,222","(X)","(X)","89,156","±2,135","(X)","(X)","1,28,969","±963","(X)","(X)","1,37,752","±11,528","(X)","(X)","1,36,001","±1,733","(X)","(X)","1,10,192","±1,333","(X)","(X)","97,859","±1,419","(X)","(X)","93,980","±811","(X)","(X)"
"        With earnings","20,54,298","±5,056","79.0%","±0.1","66,447","±1,005","70.5%","±0.7","40,237","±682","72.9%","±0.8","1,65,016","±1,237","76.2%","±0.4","4,846","±485","76.1%","±3.7","2,30,469","±1,374","78.8%","±0.3","22,979","±495","75.8%","±1.1","1,30,762","±1,312","73.0%","±0.6","45,300","±766","77.2%","±1.0","4,94,906","±2,205","82.5%","±0.3","3,242","±229","87.1%","±2.1","2,15,309","±1,173","81.7%","±0.4","1,47,684","±1,249","79.3%","±0.6","2,46,295","±1,810","80.0%","±0.5","2,40,806","±1,642","78.4%","±0.4"
"            Mean earnings (dollars)","1,11,733","±503","(X)","(X)","91,769","±2,077","(X)","(X)","75,532","±1,883","(X)","(X)","91,515","±1,358","(X)","(X)","1,01,819","±11,973","(X)","(X)","1,09,751","±1,283","(X)","(X)","75,691","±2,658","(X)","(X)","78,919","±1,406","(X)","(X)","91,160","±2,366","(X)","(X)","1,33,163","±1,010","(X)","(X)","1,18,538","±11,197","(X)","(X)","1,39,836","±1,839","(X)","(X)","1,12,716","±1,635","(X)","(X)","1,05,652","±1,582","(X)","(X)","1,00,727","±1,060","(X)","(X)"
"        With Social Security","7,77,550","±4,150","29.9%","±0.1","42,635","±716","45.2%","±0.7","22,271","±538","40.4%","±0.9","71,530","±1,118","33.0%","±0.5","2,256","±215","35.4%","±3.5","91,237","±1,154","31.2%","±0.4","11,452","±377","37.8%","±1.2","60,734","±1,035","33.9%","±0.5","18,232","±497","31.1%","±0.8","1,57,018","±1,649","26.2%","±0.3","989","±111","26.6%","±3.0","76,612","±1,182","29.1%","±0.4","61,776","±942","33.2%","±0.5","66,689","±1,330","21.7%","±0.4","94,119","±1,391","30.6%","±0.4"
"            Mean Social Security income (dollars)","19,012","±88","(X)","(X)","21,018","±332","(X)","(X)","18,835","±457","(X)","(X)","18,069","±234","(X)","(X)","21,869","±1,888","(X)","(X)","19,003","±289","(X)","(X)","18,193","±490","(X)","(X)","17,438","±263","(X)","(X)","18,832","±487","(X)","(X)","20,250","±196","(X)","(X)","22,519","±2,470","(X)","(X)","20,219","±323","(X)","(X)","19,762","±346","(X)","(X)","15,839","±214","(X)","(X)","18,621","±232","(X)","(X)"
"        With retirement income","4,28,598","±3,338","16.5%","±0.1","25,866","±771","27.4%","±0.7","12,339","±527","22.4%","±1.0","38,924","±912","18.0%","±0.4","973","±166","15.3%","±2.6","49,484","±1,177","16.9%","±0.4","6,548","±272","21.6%","±0.9","31,606","±792","17.7%","±0.4","11,827","±448","20.2%","±0.8","88,430","±1,500","14.7%","±0.2","507","±81","13.6%","±2.3","45,141","±1,145","17.1%","±0.4","38,607","±1,052","20.7%","±0.6","28,699","±1,139","9.3%","±0.4","49,647","±1,193","16.2%","±0.4"
"            Mean retirement income (dollars)","29,441","±447","(X)","(X)","34,134","±1,495","(X)","(X)","27,931","±1,953","(X)","(X)","25,225","±1,119","(X)","(X)","38,869","±8,350","(X)","(X)","30,190","±2,008","(X)","(X)","32,277","±5,858","(X)","(X)","25,793","±1,491","(X)","(X)","28,407","±1,675","(X)","(X)","30,601","±1,117","(X)","(X)","37,512","±7,147","(X)","(X)","31,161","±1,204","(X)","(X)","31,324","±1,357","(X)","(X)","28,848","±1,617","(X)","(X)","27,109","±1,341","(X)","(X)"
"        With Supplemental Security Income","1,61,021","±2,544","6.2%","±0.1","4,370","±486","4.6%","±0.5","3,736","±387","6.8%","±0.7","16,295","±844","7.5%","±0.4","201","±123","3.2%","±1.9","20,050","±1,002","6.9%","±0.3","2,032","±264","6.7%","±0.9","21,092","±862","11.8%","±0.5","3,246","±367","5.5%","±0.6","25,024","±1,069","4.2%","±0.2","88","±48","2.4%","±1.3","10,125","±728","3.8%","±0.3","9,619","±790","5.2%","±0.4","25,197","±1,074","8.2%","±0.3","19,946","±889","6.5%","±0.3"
"            Mean Supplemental Security Income (dollars)","10,260","±104","(X)","(X)","10,760","±629","(X)","(X)","10,161","±617","(X)","(X)","10,314","±372","(X)","(X)","13,328","±4,470","(X)","(X)","10,481","±310","(X)","(X)","9,734","±659","(X)","(X)","9,929","±276","(X)","(X)","10,447","±656","(X)","(X)","10,717","±300","(X)","(X)","12,395","±3,069","(X)","(X)","10,433","±512","(X)","(X)","10,219","±461","(X)","(X)","9,755","±243","(X)","(X)","10,229","±330","(X)","(X)"
"        With cash public assistance income","70,567","±1,725","2.7%","±0.1","1,686","±289","1.8%","±0.3","1,458","±274","2.6%","±0.5","7,756","±613","3.6%","±0.3","16","±19","0.3%","±0.3","10,003","±630","3.4%","±0.2","931","±163","3.1%","±0.5","8,164","±652","4.6%","±0.4","1,361","±248","2.3%","±0.4","11,072","±617","1.8%","±0.1","68","±61","1.8%","±1.6","4,686","±422","1.8%","±0.2","4,286","±492","2.3%","±0.3","10,301","±767","3.3%","±0.2","8,779","±601","2.9%","±0.2"
"            Mean cash public assistance income (dollars)","3,844","±122","(X)","(X)","4,781","±1,013","(X)","(X)","3,938","±573","(X)","(X)","3,466","±312","(X)","(X)","12,700","±10,125","(X)","(X)","3,671","±337","(X)","(X)","3,062","±571","(X)","(X)","4,077","±311","(X)","(X)","3,547","±643","(X)","(X)","4,087","±262","(X)","(X)","4,160","±1,595","(X)","(X)","3,598","±360","(X)","(X)","3,902","±445","(X)","(X)","3,839","±307","(X)","(X)","3,875","±350","(X)","(X)"
"        With Food Stamp/SNAP benefits in the past 12 months","3,13,019","±3,185","12.0%","±0.1","6,692","±542","7.1%","±0.6","7,288","±544","13.2%","±1.0","33,870","±1,074","15.6%","±0.5","228","±125","3.6%","±2.0","41,092","±1,304","14.0%","±0.4","3,943","±329","13.0%","±1.1","39,435","±1,161","22.0%","±0.6","5,535","±456","9.4%","±0.8","44,004","±1,376","7.3%","±0.2","135","±72","3.6%","±1.9","17,556","±878","6.7%","±0.3","19,519","±956","10.5%","±0.5","56,010","±1,482","18.2%","±0.5","37,712","±1,290","12.3%","±0.4"
"    Families","16,51,808","±5,930","16,51,808","(X)","58,164","±1,034","58,164","(X)","32,401","±859","32,401","(X)","1,42,967","±1,373","1,42,967","(X)","3,924","±423","3,924","(X)","1,95,563","±1,782","1,95,563","(X)","18,003","±375","18,003","(X)","1,14,896","±1,492","1,14,896","(X)","34,373","±724","34,373","(X)","3,87,781","±2,226","3,87,781","(X)","2,268","±192","2,268","(X)","1,74,416","±1,382","1,74,416","(X)","1,31,659","±1,114","1,31,659","(X)","1,53,409","±1,797","1,53,409","(X)","2,01,984","±2,005","2,01,984","(X)"
"        Less than $10,000","53,279","±1,781","3.2%","±0.1","1,073","±221","1.8%","±0.4","1,218","±253","3.8%","±0.8","5,322","±478","3.7%","±0.3","66","±56","1.7%","±1.4","6,530","±652","3.3%","±0.3","422","±109","2.3%","±0.6","6,344","±625","5.5%","±0.5","986","±220","2.9%","±0.6","8,827","±702","2.3%","±0.2","31","±32","1.4%","±1.4","3,175","±403","1.8%","±0.2","3,541","±417","2.7%","±0.3","9,570","±807","6.2%","±0.5","6,174","±521","3.1%","±0.3"
"        $10,000 to $14,999","33,351","±1,375","2.0%","±0.1","782","±199","1.3%","±0.3","658","±195","2.0%","±0.6","3,786","±521","2.6%","±0.4","5","±5","0.1%","±0.1","4,219","±524","2.2%","±0.3","358","±98","2.0%","±0.5","3,794","±455","3.3%","±0.4","519","±159","1.5%","±0.5","5,324","±531","1.4%","±0.1","10","±14","0.4%","±0.6","2,222","±377","1.3%","±0.2","1,746","±298","1.3%","±0.2","6,053","±536","3.9%","±0.3","3,875","±462","1.9%","±0.2"
"        $15,000 to $24,999","77,852","±2,048","4.7%","±0.1","2,016","±276","3.5%","±0.5","1,668","±295","5.1%","±0.9","8,324","±626","5.8%","±0.4","160","±101","4.1%","±2.5","9,700","±841","5.0%","±0.4","1,090","±181","6.1%","±1.0","9,697","±624","8.4%","±0.5","1,189","±225","3.5%","±0.6","13,299","±914","3.4%","±0.2","38","±33","1.7%","±1.4","5,005","±563","2.9%","±0.3","4,032","±462","3.1%","±0.4","12,512","±825","8.2%","±0.5","9,122","±751","4.5%","±0.4"
"        $25,000 to $34,999","92,702","±2,253","5.6%","±0.1","3,523","±380","6.1%","±0.7","2,637","±350","8.1%","±1.0","9,540","±667","6.7%","±0.5","341","±149","8.7%","±3.6","11,330","±839","5.8%","±0.4","1,147","±171","6.4%","±0.9","9,979","±664","8.7%","±0.6","2,535","±347","7.4%","±1.0","14,871","±788","3.8%","±0.2","115","±88","5.1%","±3.8","5,310","±525","3.0%","±0.3","6,501","±609","4.9%","±0.5","12,171","±794","7.9%","±0.5","12,702","±829","6.3%","±0.4"
"        $35,000 to $49,999","1,38,005","±2,485","8.4%","±0.1","6,069","±531","10.4%","±0.9","3,831","±400","11.8%","±1.2","14,567","±748","10.2%","±0.5","379","±146","9.7%","±3.4","16,777","±822","8.6%","±0.4","2,154","±203","12.0%","±1.1","13,189","±765","11.5%","±0.6","3,146","±390","9.2%","±1.1","23,869","±1,118","6.2%","±0.3","115","±54","5.1%","±2.3","9,838","±632","5.6%","±0.4","10,868","±846","8.3%","±0.6","15,612","±880","10.2%","±0.6","17,591","±1,043","8.7%","±0.5"
"        $50,000 to $74,999","2,29,597","±2,654","13.9%","±0.2","9,860","±501","17.0%","±0.8","5,929","±500","18.3%","±1.5","22,517","±1,099","15.7%","±0.8","527","±149","13.4%","±3.2","27,932","±1,010","14.3%","±0.5","3,409","±275","18.9%","±1.4","19,239","±984","16.7%","±0.8","4,998","±443","14.5%","±1.2","44,647","±1,533","11.5%","±0.4","286","±78","12.6%","±3.2","19,562","±1,123","11.2%","±0.6","17,953","±842","13.6%","±0.6","22,000","±954","14.3%","±0.6","30,738","±1,143","15.2%","±0.5"
"        $75,000 to $99,999","2,11,355","±2,642","12.8%","±0.2","9,166","±596","15.8%","±1.0","4,971","±352","15.3%","±1.1","20,471","±894","14.3%","±0.6","478","±162","12.2%","±3.7","24,947","±975","12.8%","±0.5","3,188","±270","17.7%","±1.5","15,665","±662","13.6%","±0.6","5,345","±438","15.5%","±1.2","44,512","±1,384","11.5%","±0.4","203","±72","9.0%","±3.1","20,301","±862","11.6%","±0.5","16,893","±1,058","12.8%","±0.8","16,351","±845","10.7%","±0.5","28,864","±1,029","14.3%","±0.5"
"        $100,000 to $149,999","3,47,464","±3,809","21.0%","±0.2","13,610","±625","23.4%","±1.0","6,550","±494","20.2%","±1.5","30,658","±1,028","21.4%","±0.7","1,053","±217","26.8%","±5.5","38,870","±1,376","19.9%","±0.7","3,649","±231","20.3%","±1.3","20,665","±929","18.0%","±0.8","8,175","±457","23.8%","±1.4","82,416","±1,678","21.3%","±0.4","680","±136","30.0%","±5.5","39,286","±1,200","22.5%","±0.7","31,995","±1,112","24.3%","±0.9","24,827","±974","16.2%","±0.6","45,030","±1,406","22.3%","±0.6"
"        $150,000 to $199,999","2,01,748","±2,744","12.2%","±0.2","5,960","±458","10.2%","±0.8","2,517","±302","7.8%","±0.9","15,185","±832","10.6%","±0.6","255","±92","6.5%","±2.3","23,792","±923","12.2%","±0.4","1,489","±214","8.3%","±1.2","8,973","±640","7.8%","±0.6","3,845","±346","11.2%","±1.0","57,323","±1,573","14.8%","±0.4","360","±94","15.9%","±3.9","25,967","±902","14.9%","±0.5","18,147","±760","13.8%","±0.6","14,058","±832","9.2%","±0.5","23,877","±838","11.8%","±0.4"
"        $200,000 or more","2,66,455","±3,219","16.1%","±0.2","6,105","±428","10.5%","±0.7","2,422","±265","7.5%","±0.8","12,597","±762","8.8%","±0.5","660","±183","16.8%","±4.5","31,466","±977","16.1%","±0.5","1,097","±143","6.1%","±0.8","7,351","±588","6.4%","±0.5","3,635","±328","10.6%","±1.0","92,693","±1,683","23.9%","±0.4","430","±91","19.0%","±4.0","43,750","±1,164","25.1%","±0.7","19,983","±808","15.2%","±0.6","20,255","±807","13.2%","±0.5","24,011","±909","11.9%","±0.4"
"        Median family income (dollars)","98,625","±625","(X)","(X)","89,712","±1,716","(X)","(X)","76,199","±2,230","(X)","(X)","83,882","±1,346","(X)","(X)","1,00,167","±8,171","(X)","(X)","96,306","±1,335","(X)","(X)","78,263","±2,041","(X)","(X)","68,728","±1,834","(X)","(X)","93,139","±2,675","(X)","(X)","1,21,813","±1,158","(X)","(X)","1,17,500","±9,544","(X)","(X)","1,25,259","±1,599","(X)","(X)","1,05,568","±1,501","(X)","(X)","73,461","±1,553","(X)","(X)","93,012","±1,060","(X)","(X)"
"        Mean family income (dollars)","1,28,072","±622","(X)","(X)","1,15,653","±2,904","(X)","(X)","95,710","±2,108","(X)","(X)","1,01,796","±1,616","(X)","(X)","1,32,326","±13,278","(X)","(X)","1,26,143","±1,709","(X)","(X)","95,854","±4,012","(X)","(X)","86,969","±1,748","(X)","(X)","1,12,521","±3,585","(X)","(X)","1,55,164","±1,334","(X)","(X)","1,65,153","±16,860","(X)","(X)","1,65,561","±2,569","(X)","(X)","1,28,520","±1,754","(X)","(X)","1,12,669","±2,146","(X)","(X)","1,12,726","±1,115","(X)","(X)"
"    Per capita income (dollars)","41,794","±202","(X)","(X)","42,578","±890","(X)","(X)","34,287","±696","(X)","(X)","34,226","±439","(X)","(X)","43,822","±3,869","(X)","(X)","40,697","±420","(X)","(X)","34,202","±1,277","(X)","(X)","29,020","±472","(X)","(X)","33,605","±801","(X)","(X)","49,669","±376","(X)","(X)","51,270","±4,137","(X)","(X)","52,036","±623","(X)","(X)","41,343","±497","(X)","(X)","40,190","±551","(X)","(X)","36,169","±343","(X)","(X)"
"    Nonfamily households","9,50,106","±5,256","9,50,106","(X)","36,128","±1,290","36,128","(X)","22,766","±836","22,766","(X)","73,651","±1,548","73,651","(X)","2,443","±392","2,443","(X)","97,096","±1,733","97,096","(X)","12,325","±441","12,325","(X)","64,147","±1,437","64,147","(X)","24,292","±728","24,292","(X)","2,12,251","±2,255","2,12,251","(X)","1,454","±207","1,454","(X)","89,135","±1,468","89,135","(X)","54,647","±1,301","54,647","(X)","1,54,461","±1,832","1,54,461","(X)","1,05,310","±2,020","1,05,310","(X)"
"        Median nonfamily income (dollars)","43,978","±504","(X)","(X)","41,619","±1,660","(X)","(X)","32,186","±1,774","(X)","(X)","34,051","±1,340","(X)","(X)","47,615","±9,799","(X)","(X)","40,567","±1,108","(X)","(X)","33,884","±2,681","(X)","(X)","31,704","±1,060","(X)","(X)","38,463","±2,550","(X)","(X)","55,967","±1,400","(X)","(X)","60,938","±11,620","(X)","(X)","53,306","±1,097","(X)","(X)","42,285","±1,328","(X)","(X)","52,096","±1,602","(X)","(X)","37,913","±1,036","(X)","(X)"
"        Mean nonfamily income (dollars)","65,194","±593","(X)","(X)","58,986","±2,346","(X)","(X)","48,624","±2,126","(X)","(X)","49,949","±1,313","(X)","(X)","64,096","±9,300","(X)","(X)","58,367","±1,599","(X)","(X)","48,845","±4,058","(X)","(X)","44,807","±1,381","(X)","(X)","52,965","±2,722","(X)","(X)","77,274","±1,294","(X)","(X)","87,463","±12,720","(X)","(X)","74,776","±1,837","(X)","(X)","60,719","±1,904","(X)","(X)","79,625","±1,580","(X)","(X)","53,432","±1,232","(X)","(X)"
"    Median earnings for workers (dollars)","41,476","±130","(X)","(X)","35,749","±724","(X)","(X)","31,736","±690","(X)","(X)","38,434","±744","(X)","(X)","41,672","±3,697","(X)","(X)","40,176","±363","(X)","(X)","34,724","±1,314","(X)","(X)","33,216","±901","(X)","(X)","28,102","±1,156","(X)","(X)","49,747","±519","(X)","(X)","41,678","±6,323","(X)","(X)","51,222","±523","(X)","(X)","41,945","±461","(X)","(X)","38,204","±775","(X)","(X)","40,646","±350","(X)","(X)"
"    Median earnings for male full-time, year-round workers (dollars)","66,330","±420","(X)","(X)","60,512","±1,622","(X)","(X)","53,648","±1,131","(X)","(X)","59,694","±1,137","(X)","(X)","62,967","±6,816","(X)","(X)","64,882","±931","(X)","(X)","53,717","±1,217","(X)","(X)","53,198","±726","(X)","(X)","59,899","±2,187","(X)","(X)","78,293","±952","(X)","(X)","57,712","±9,124","(X)","(X)","80,571","±1,309","(X)","(X)","68,757","±1,467","(X)","(X)","59,991","±1,115","(X)","(X)","63,179","±576","(X)","(X)"
"    Median earnings for female full-time, year-round workers (dollars)","54,442","±258","(X)","(X)","50,664","±1,262","(X)","(X)","43,197","±1,742","(X)","(X)","48,535","±1,131","(X)","(X)","57,799","±7,208","(X)","(X)","52,233","±755","(X)","(X)","45,810","±2,533","(X)","(X)","45,226","±1,091","(X)","(X)","50,770","±2,023","(X)","(X)","62,200","±618","(X)","(X)","62,962","±2,147","(X)","(X)","63,746","±813","(X)","(X)","53,475","±791","(X)","(X)","54,401","±747","(X)","(X)","50,858","±841","(X)","(X)"
"HEALTH INSURANCE COVERAGE","","","","","","","","","","","","","","","","","","","","","","","","","","","","","","","","","","","","","","","","","","","","","","","","","","","","","","","","","","","",""
"    Civilian noninstitutionalized population","67,56,015","±478","67,56,015","(X)","2,11,451","±324","2,11,451","(X)","1,25,140","±336","1,25,140","(X)","5,52,835","±611","5,52,835","(X)","17,214","±31","17,214","(X)","7,74,092","±560","7,74,092","(X)","70,131","±157","70,131","(X)","4,63,850","±459","4,63,850","(X)","1,59,770","±238","1,59,770","(X)","15,79,996","±728","15,79,996","(X)","11,042","±49","11,042","(X)","6,89,820","±746","6,89,820","(X)","5,05,306","±683","5,05,306","(X)","7,85,160","±567","7,85,160","(X)","8,10,208","±875","8,10,208","(X)"
"        With health insurance coverage","65,66,545","±4,667","97.2%","±0.1","2,04,593","±788","96.8%","±0.3","1,21,444","±732","97.0%","±0.5","5,36,806","±1,360","97.1%","±0.2","16,354","±360","95.0%","±2.1","7,50,164","±1,700","96.9%","±0.2","68,620","±352","97.8%","±0.4","4,49,804","±1,258","97.0%","±0.3","1,55,998","±588","97.6%","±0.3","15,39,004","±2,461","97.4%","±0.2","10,545","±176","95.5%","±1.5","6,76,038","±1,316","98.0%","±0.1","4,93,694","±1,077","97.7%","±0.2","7,53,651","±1,475","96.0%","±0.2","7,89,830","±1,723","97.5%","±0.2"
"            With private health insurance","50,01,165","±18,003","74.0%","±0.3","1,54,530","±1,881","73.1%","±0.9","87,783","±1,629","70.1%","±1.3","3,86,688","±3,663","69.9%","±0.7","12,195","±775","70.8%","±4.5","5,50,431","±3,986","71.1%","±0.5","50,929","±1,030","72.6%","±1.5","2,88,739","±3,307","62.2%","±0.7","1,25,714","±1,439","78.7%","±0.9","12,68,209","±5,770","80.3%","±0.4","8,510","±442","77.1%","±4.0","5,71,698","±3,608","82.9%","±0.5","3,87,005","±2,962","76.6%","±0.6","5,07,744","±4,262","64.7%","±0.6","6,00,990","±4,542","74.2%","±0.5"
"            With public coverage","24,41,507","±14,788","36.1%","±0.2","1,01,193","±1,778","47.9%","±0.8","57,107","±1,452","45.6%","±1.2","2,29,572","±3,526","41.5%","±0.6","6,746","±625","39.2%","±3.6","3,05,167","±4,087","39.4%","±0.5","31,044","±1,028","44.3%","±1.4","2,25,139","±3,427","48.5%","±0.7","51,654","±1,573","32.3%","±1.0","4,54,939","±5,054","28.8%","±0.3","3,320","±429","30.1%","±3.9","1,93,966","±3,492","28.1%","±0.5","1,80,966","±3,137","35.8%","±0.6","3,07,709","±4,691","39.2%","±0.6","2,92,985","±3,557","36.2%","±0.4"
"        No health insurance coverage","1,89,470","±4,676","2.8%","±0.1","6,858","±730","3.2%","±0.3","3,696","±649","3.0%","±0.5","16,029","±1,313","2.9%","±0.2","860","±362","5.0%","±2.1","23,928","±1,589","3.1%","±0.2","1,511","±310","2.2%","±0.4","14,046","±1,237","3.0%","±0.3","3,772","±527","2.4%","±0.3","40,992","±2,393","2.6%","±0.2","497","±167","4.5%","±1.5","13,782","±1,023","2.0%","±0.1","11,612","±966","2.3%","±0.2","31,509","±1,457","4.0%","±0.2","20,378","±1,437","2.5%","±0.2"
"    Civilian noninstitutionalized population under 19 years","14,82,292","±1,967","14,82,292","(X)","35,188","±312","35,188","(X)","23,525","±222","23,525","(X)","1,24,154","±468","1,24,154","(X)","3,577","±179","3,577","(X)","1,80,045","±558","1,80,045","(X)","13,211","±107","13,211","(X)","1,09,793","±453","1,09,793","(X)","30,119","±405","30,119","(X)","3,45,474","±805","3,45,474","(X)","2,501","±95","2,501","(X)","1,58,562","±447","1,58,562","(X)","1,19,261","±462","1,19,261","(X)","1,47,571","±670","1,47,571","(X)","1,89,311","±646","1,89,311","(X)"
"        No health insurance coverage","19,955","±1,205","1.3%","±0.1","662","±209","1.9%","±0.6","483","±233","2.1%","±1.0","1,713","±352","1.4%","±0.3","88","±105","2.5%","±2.9","2,540","±537","1.4%","±0.3","128","±70","1.0%","±0.5","1,500","±370","1.4%","±0.3","587","±195","1.9%","±0.6","5,055","±736","1.5%","±0.2","67","±54","2.7%","±2.2","1,207","±262","0.8%","±0.2","1,313","±354","1.1%","±0.3","2,107","±474","1.4%","±0.3","2,505","±569","1.3%","±0.3"
"    Civilian noninstitutionalized population 19 to 64 years","42,32,102","±2,115","42,32,102","(X)","1,15,406","±365","1,15,406","(X)","74,770","±266","74,770","(X)","3,41,371","±631","3,41,371","(X)","9,824","±189","9,824","(X)","4,70,910","±686","4,70,910","(X)","42,948","±167","42,948","(X)","2,81,698","±529","2,81,698","(X)","1,04,692","±441","1,04,692","(X)","10,07,408","±967","10,07,408","(X)","6,990","±105","6,990","(X)","4,22,070","±666","4,22,070","(X)","3,01,382","±750","3,01,382","(X)","5,49,402","±794","5,49,402","(X)","5,03,231","±940","5,03,231","(X)"
"        In labor force:","34,33,304","±7,060","34,33,304","(X)","94,473","±1,011","94,473","(X)","59,853","±805","59,853","(X)","2,75,615","±1,779","2,75,615","(X)","7,956","±434","7,956","(X)","3,85,134","±1,931","3,85,134","(X)","34,411","±526","34,411","(X)","2,12,803","±1,563","2,12,803","(X)","79,566","±1,104","79,566","(X)","8,34,015","±2,833","8,34,015","(X)","5,972","±253","5,972","(X)","3,52,756","±1,767","3,52,756","(X)","2,51,345","±1,808","2,51,345","(X)","4,34,763","±2,352","4,34,763","(X)","4,04,642","±2,315","4,04,642","(X)"
"            Employed:","32,57,130","±7,802","32,57,130","(X)","90,133","±1,091","90,133","(X)","56,217","±841","56,217","(X)","2,60,394","±1,826","2,60,394","(X)","7,692","±476","7,692","(X)","3,65,594","±2,123","3,65,594","(X)","32,607","±591","32,607","(X)","1,99,465","±1,854","1,99,465","(X)","75,101","±1,190","75,101","(X)","8,00,290","±3,170","8,00,290","(X)","5,794","±273","5,794","(X)","3,35,729","±1,918","3,35,729","(X)","2,38,722","±1,785","2,38,722","(X)","4,05,798","±2,406","4,05,798","(X)","3,83,594","±2,622","3,83,594","(X)"
"                With health insurance coverage","31,43,473","±8,724","96.5%","±0.1","85,405","±1,145","94.8%","±0.7","54,025","±879","96.1%","±0.7","2,50,352","±2,155","96.1%","±0.4","7,294","±435","94.8%","±2.1","3,50,251","±2,340","95.8%","±0.4","31,709","±625","97.2%","±0.7","1,91,458","±1,946","96.0%","±0.4","73,072","±1,187","97.3%","±0.5","7,76,139","±3,304","97.0%","±0.2","5,487","±314","94.7%","±2.4","3,28,173","±2,081","97.7%","±0.2","2,31,560","±1,852","97.0%","±0.3","3,86,945","±2,513","95.4%","±0.3","3,71,603","±2,842","96.9%","±0.3"
"                    With private health insurance","27,46,670","±11,536","84.3%","±0.2","71,713","±1,362","79.6%","±1.2","45,380","±1,126","80.7%","±1.4","2,14,892","±2,340","82.5%","±0.7","6,038","±523","78.5%","±4.8","2,97,564","±2,770","81.4%","±0.6","26,944","±710","82.6%","±1.7","1,55,823","±2,425","78.1%","±0.8","65,247","±1,244","86.9%","±1.0","7,05,767","±3,942","88.2%","±0.3","4,816","±313","83.1%","±4.0","3,03,153","±2,742","90.3%","±0.5","2,03,963","±2,022","85.4%","±0.7","3,19,473","±3,169","78.7%","±0.6","3,25,897","±3,127","85.0%","±0.5"
"                    With public coverage","4,85,512","±6,266","14.9%","±0.2","16,943","±941","18.8%","±1.1","10,733","±721","19.1%","±1.3","45,090","±1,765","17.3%","±0.7","1,358","±291","17.7%","±3.8","63,104","±2,011","17.3%","±0.5","6,374","±536","19.5%","±1.6","43,298","±1,451","21.7%","±0.8","9,588","±757","12.8%","±1.0","86,738","±2,623","10.8%","±0.3","823","±275","14.2%","±4.6","32,757","±1,593","9.8%","±0.5","34,795","±1,686","14.6%","±0.7","77,495","±2,431","19.1%","±0.6","56,416","±1,909","14.7%","±0.5"
"                No health insurance coverage","1,13,657","±3,087","3.5%","±0.1","4,728","±651","5.2%","±0.7","2,192","±423","3.9%","±0.7","10,042","±959","3.9%","±0.4","398","±173","5.2%","±2.1","15,343","±1,310","4.2%","±0.4","898","±220","2.8%","±0.7","8,007","±787","4.0%","±0.4","2,029","±356","2.7%","±0.5","24,151","±1,630","3.0%","±0.2","307","±137","5.3%","±2.4","7,556","±734","2.3%","±0.2","7,162","±683","3.0%","±0.3","18,853","±1,135","4.6%","±0.3","11,991","±1,006","3.1%","±0.3"
"            Unemployed:","1,76,174","±3,461","1,76,174","(X)","4,340","±451","4,340","(X)","3,636","±444","3,636","(X)","15,221","±1,016","15,221","(X)","264","±161","264","(X)","19,540","±984","19,540","(X)","1,804","±281","1,804","(X)","13,338","±884","13,338","(X)","4,465","±547","4,465","(X)","33,725","±1,498","33,725","(X)","178","±101","178","(X)","17,027","±1,059","17,027","(X)","12,623","±711","12,623","(X)","28,965","±1,378","28,965","(X)","21,048","±1,112","21,048","(X)"
"                With health insurance coverage","1,58,254","±3,289","89.8%","±0.7","3,823","±382","88.1%","±4.3","3,178","±408","87.4%","±4.2","13,852","±961","91.0%","±1.7","263","±161","99.6%","±1.2","17,440","±919","89.3%","±1.6","1,618","±274","89.7%","±5.1","11,674","±902","87.5%","±2.3","4,160","±528","93.2%","±3.0","30,463","±1,438","90.3%","±1.5","115","±64","64.6%","±29.8","15,605","±1,055","91.6%","±1.8","11,516","±679","91.2%","±1.9","25,677","±1,255","88.6%","±1.6","18,870","±1,025","89.7%","±1.4"
"                    With private health insurance","83,697","±2,088","47.5%","±1.0","2,073","±260","47.8%","±4.9","1,355","±252","37.3%","±5.3","6,627","±684","43.5%","±3.6","46","±47","17.4%","±19.9","8,455","±572","43.3%","±2.6","733","±214","40.6%","±8.4","4,218","±440","31.6%","±2.9","2,670","±389","59.8%","±5.3","19,486","±998","57.8%","±2.1","93","±59","52.2%","±26.3","9,973","±767","58.6%","±3.1","6,112","±459","48.4%","±3.3","12,314","±797","42.5%","±2.2","9,542","±621","45.3%","±2.5"
"                    With public coverage","82,061","±2,674","46.6%","±1.0","2,089","±317","48.1%","±5.2","2,087","±315","57.4%","±5.8","7,980","±715","52.4%","±3.1","217","±157","82.2%","±20.1","9,747","±793","49.9%","±2.7","959","±184","53.2%","±8.7","8,175","±791","61.3%","±3.0","1,587","±317","35.5%","±5.3","12,524","±924","37.1%","±1.8","22","±25","12.4%","±15.0","6,378","±766","37.5%","±3.4","5,829","±562","46.2%","±3.2","14,108","±963","48.7%","±2.4","10,359","±839","49.2%","±2.5"
"                No health insurance coverage","17,920","±1,219","10.2%","±0.7","517","±212","11.9%","±4.3","458","±168","12.6%","±4.2","1,369","±280","9.0%","±1.7","1","±3","0.4%","±1.2","2,100","±328","10.7%","±1.6","186","±93","10.3%","±5.1","1,664","±302","12.5%","±2.3","305","±137","6.8%","±3.0","3,262","±512","9.7%","±1.5","63","±71","35.4%","±29.8","1,422","±300","8.4%","±1.8","1,107","±245","8.8%","±1.9","3,288","±512","11.4%","±1.6","2,178","±332","10.3%","±1.4"
"        Not in labor force:","7,98,798","±7,138","7,98,798","(X)","20,933","±968","20,933","(X)","14,917","±822","14,917","(X)","65,756","±1,748","65,756","(X)","1,868","±384","1,868","(X)","85,776","±1,859","85,776","(X)","8,537","±510","8,537","(X)","68,895","±1,557","68,895","(X)","25,126","±1,018","25,126","(X)","1,73,393","±2,893","1,73,393","(X)","1,018","±228","1,018","(X)","69,314","±1,837","69,314","(X)","50,037","±1,730","50,037","(X)","1,14,639","±2,614","1,14,639","(X)","98,589","±2,125","98,589","(X)"
"            With health insurance coverage","7,64,752","±6,657","95.7%","±0.2","20,034","±901","95.7%","±1.1","14,406","±808","96.6%","±1.0","63,068","±1,673","95.9%","±0.6","1,495","±361","80.0%","±14.2","82,160","±1,754","95.8%","±0.6","8,356","±503","97.9%","±0.9","66,167","±1,557","96.0%","±0.6","24,334","±986","96.8%","±0.8","1,66,189","±2,772","95.8%","±0.4","968","±229","95.1%","±4.0","66,292","±1,869","95.6%","±0.7","48,261","±1,700","96.5%","±0.7","1,07,944","±2,548","94.2%","±0.6","95,078","±2,112","96.4%","±0.5"
"                With private health insurance","4,41,129","±4,441","55.2%","±0.5","12,535","±703","59.9%","±2.6","7,334","±577","49.2%","±3.0","29,275","±1,161","44.5%","±1.5","1,045","±301","55.9%","±13.7","42,587","±1,367","49.6%","±1.2","4,035","±349","47.3%","±3.3","25,443","±1,081","36.9%","±1.5","16,767","±814","66.7%","±2.5","1,14,630","±2,426","66.1%","±0.9","627","±169","61.6%","±9.9","47,519","±1,478","68.6%","±1.4","29,483","±1,047","58.9%","±1.6","58,639","±1,866","51.2%","±1.0","51,210","±1,450","51.9%","±1.2"
"                With public coverage","3,83,664","±5,611","48.0%","±0.5","9,551","±700","45.6%","±2.6","8,845","±669","59.3%","±2.9","40,103","±1,483","61.0%","±1.5","468","±216","25.1%","±10.5","46,356","±1,478","54.0%","±1.2","5,329","±440","62.4%","±3.3","46,318","±1,501","67.2%","±1.3","9,062","±772","36.1%","±2.6","62,693","±1,797","36.2%","±0.8","425","±159","41.7%","±10.8","23,618","±1,155","34.1%","±1.4","23,524","±1,423","47.0%","±1.8","55,097","±1,797","48.1%","±1.1","52,275","±1,847","53.0%","±1.3"
"            No health insurance coverage","34,046","±1,568","4.3%","±0.2","899","±241","4.3%","±1.1","511","±159","3.4%","±1.0","2,688","±425","4.1%","±0.6","373","±290","20.0%","±14.2","3,616","±532","4.2%","±0.6","181","±74","2.1%","±0.9","2,728","±428","4.0%","±0.6","792","±206","3.2%","±0.8","7,204","±761","4.2%","±0.4","50","±40","4.9%","±4.0","3,022","±462","4.4%","±0.7","1,776","±338","3.5%","±0.7","6,695","±649","5.8%","±0.6","3,511","±477","3.6%","±0.5"
"PERCENTAGE OF FAMILIES AND PEOPLE WHOSE INCOME IN THE PAST 12 MONTHS IS BELOW THE POVERTY LEVEL","","","","","","","","","","","","","","","","","","","","","","","","","","","","","","","","","","","","","","","","","","","","","","","","","","","","","","","","","","","",""
"    All families","(X)","(X)","7.5%","±0.2","(X)","(X)","4.4%","±0.6","(X)","(X)","7.9%","±1.1","(X)","(X)","8.7%","±0.6","(X)","(X)","2.6%","±1.6","(X)","(X)","8.0%","±0.5","(X)","(X)","5.8%","±0.9","(X)","(X)","13.4%","±0.7","(X)","(X)","6.1%","±0.9","(X)","(X)","5.2%","±0.2","(X)","(X)","3.7%","±2.9","(X)","(X)","4.2%","±0.4","(X)","(X)","5.5%","±0.5","(X)","(X)","14.5%","±0.7","(X)","(X)","7.0%","±0.4"
"        With related children of the householder under 18 years","(X)","(X)","11.8%","±0.3","(X)","(X)","8.1%","±1.5","(X)","(X)","14.7%","±2.5","(X)","(X)","14.2%","±1.0","(X)","(X)","5.6%","±4.2","(X)","(X)","12.7%","±0.9","(X)","(X)","11.0%","±1.7","(X)","(X)","22.4%","±1.2","(X)","(X)","10.3%","±1.8","(X)","(X)","7.6%","±0.5","(X)","(X)","7.7%","±6.6","(X)","(X)","5.8%","±0.7","(X)","(X)","8.7%","±0.8","(X)","(X)","23.4%","±1.4","(X)","(X)","10.8%","±0.7"
"            With related children of the householder under 5 years only","(X)","(X)","10.4%","±0.6","(X)","(X)","9.8%","±4.2","(X)","(X)","17.2%","±6.1","(X)","(X)","17.9%","±2.7","(X)","(X)","0.8%","±1.6","(X)","(X)","11.3%","±2.0","(X)","(X)","12.1%","±4.0","(X)","(X)","18.7%","±2.7","(X)","(X)","8.8%","±4.9","(X)","(X)","7.5%","±1.0","(X)","(X)","3.4%","±5.2","(X)","(X)","3.7%","±1.1","(X)","(X)","8.0%","±2.3","(X)","(X)","13.8%","±2.1","(X)","(X)","10.2%","±1.7"
"    Married couple families","(X)","(X)","3.1%","±0.1","(X)","(X)","2.6%","±0.5","(X)","(X)","3.2%","±0.7","(X)","(X)","3.5%","±0.3","(X)","(X)","0.4%","±0.4","(X)","(X)","3.3%","±0.4","(X)","(X)","2.1%","±0.6","(X)","(X)","5.3%","±0.6","(X)","(X)","2.9%","±0.8","(X)","(X)","2.4%","±0.2","(X)","(X)","1.3%","±1.4","(X)","(X)","2.1%","±0.2","(X)","(X)","2.2%","±0.3","(X)","(X)","5.9%","±0.5","(X)","(X)","3.2%","±0.3"
"        With related children of the householder under 18 years","(X)","(X)","3.6%","±0.2","(X)","(X)","2.7%","±0.9","(X)","(X)","3.7%","±1.4","(X)","(X)","4.0%","±0.6","(X)","(X)","0.8%","±1.0","(X)","(X)","3.6%","±0.6","(X)","(X)","3.5%","±1.3","(X)","(X)","7.5%","±1.2","(X)","(X)","3.4%","±1.3","(X)","(X)","2.6%","±0.3","(X)","(X)","2.1%","±3.5","(X)","(X)","2.1%","±0.4","(X)","(X)","2.4%","±0.5","(X)","(X)","8.7%","±1.1","(X)","(X)","3.6%","±0.6"
"            With related children of the householder under 5 years only","(X)","(X)","3.0%","±0.5","(X)","(X)","3.4%","±2.0","(X)","(X)","4.4%","±5.7","(X)","(X)","4.6%","±1.8","(X)","(X)","0.0%","±18.5","(X)","(X)","3.5%","±1.5","(X)","(X)","1.1%","±1.2","(X)","(X)","5.4%","±2.1","(X)","(X)","3.2%","±2.9","(X)","(X)","2.6%","±0.8","(X)","(X)","0.0%","±19.7","(X)","(X)","1.3%","±0.6","(X)","(X)","2.2%","±1.3","(X)","(X)","4.6%","±1.4","(X)","(X)","2.6%","±1.2"
"    Families with female householder, no husband present","(X)","(X)","23.3%","±0.6","(X)","(X)","13.6%","±2.9","(X)","(X)","23.9%","±4.6","(X)","(X)","24.6%","±2.2","(X)","(X)","13.0%","±9.3","(X)","(X)","23.4%","±1.9","(X)","(X)","20.1%","±4.0","(X)","(X)","32.9%","±1.8","(X)","(X)","19.4%","±3.9","(X)","(X)","18.7%","±1.2","(X)","(X)","21.0%","±16.1","(X)","(X)","15.8%","±1.8","(X)","(X)","17.5%","±1.7","(X)","(X)","31.2%","±1.7","(X)","(X)","22.2%","±1.5"
"        With related children of the householder under 18 years","(X)","(X)","33.1%","±0.9","(X)","(X)","23.9%","±5.2","(X)","(X)","33.2%","±6.4","(X)","(X)","33.9%","±2.7","(X)","(X)","17.9%","±15.5","(X)","(X)","32.8%","±2.5","(X)","(X)","28.8%","±6.1","(X)","(X)","43.6%","±2.4","(X)","(X)","28.4%","±5.8","(X)","(X)","27.7%","±1.9","(X)","(X)","28.5%","±21.7","(X)","(X)","24.3%","±3.0","(X)","(X)","24.3%","±2.5","(X)","(X)","43.5%","±2.2","(X)","(X)","30.8%","±2.2"
"            With related children of the householder under 5 years only","(X)","(X)","36.2%","±2.5","(X)","(X)","31.9%","±14.0","(X)","(X)","42.4%","±15.3","(X)","(X)","42.2%","±6.8","(X)","(X)","2.7%","±6.3","(X)","(X)","31.6%","±5.9","(X)","(X)","46.2%","±13.9","(X)","(X)","42.1%","±8.2","(X)","(X)","37.2%","±22.0","(X)","(X)","41.4%","±5.6","(X)","(X)","36.8%","±52.4","(X)","(X)","22.9%","±7.6","(X)","(X)","25.1%","±7.7","(X)","(X)","38.4%","±6.2","(X)","(X)","33.7%","±5.5"
"    All people","(X)","(X)","10.8%","±0.2","(X)","(X)","7.0%","±0.6","(X)","(X)","11.4%","±0.9","(X)","(X)","11.5%","±0.5","(X)","(X)","8.0%","±2.9","(X)","(X)","10.7%","±0.4","(X)","(X)","10.4%","±1.0","(X)","(X)","17.1%","±0.6","(X)","(X)","13.3%","±0.9","(X)","(X)","7.9%","±0.2","(X)","(X)","8.6%","±3.3","(X)","(X)","6.5%","±0.4","(X)","(X)","7.6%","±0.5","(X)","(X)","19.3%","±0.5","(X)","(X)","10.4%","±0.4"
"    Under 18 years","(X)","(X)","13.9%","±0.4","(X)","(X)","9.5%","±1.8","(X)","(X)","16.0%","±2.8","(X)","(X)","16.6%","±1.1","(X)","(X)","12.0%","±8.4","(X)","(X)","14.8%","±1.0","(X)","(X)","13.1%","±2.1","(X)","(X)","26.2%","±1.4","(X)","(X)","12.1%","±2.4","(X)","(X)","8.6%","±0.5","(X)","(X)","12.4%","±9.7","(X)","(X)","6.3%","±0.8","(X)","(X)","10.0%","±1.1","(X)","(X)","28.0%","±1.5","(X)","(X)","13.0%","±0.9"
"        Related children of the householder under 18 years","(X)","(X)","13.6%","±0.4","(X)","(X)","8.6%","±1.7","(X)","(X)","15.7%","±2.7","(X)","(X)","16.2%","±1.1","(X)","(X)","10.5%","±8.2","(X)","(X)","14.6%","±1.0","(X)","(X)","11.8%","±1.8","(X)","(X)","25.7%","±1.4","(X)","(X)","11.9%","±2.4","(X)","(X)","8.3%","±0.5","(X)","(X)","11.0%","±9.9","(X)","(X)","6.0%","±0.8","(X)","(X)","9.7%","±1.1","(X)","(X)","27.7%","±1.5","(X)","(X)","12.7%","±0.9"
"            Related children of the householder under 5 years","(X)","(X)","15.3%","±0.6","(X)","(X)","9.5%","±3.0","(X)","(X)","20.5%","±4.8","(X)","(X)","22.4%","±2.1","(X)","(X)","3.1%","±3.4","(X)","(X)","16.9%","±1.8","(X)","(X)","15.6%","±3.5","(X)","(X)","28.0%","±2.4","(X)","(X)","14.0%","±4.1","(X)","(X)","9.9%","±1.0","(X)","(X)","10.2%","±9.7","(X)","(X)","5.3%","±1.1","(X)","(X)","11.2%","±1.8","(X)","(X)","24.7%","±1.9","(X)","(X)","15.0%","±1.7"
"            Related children of the householder 5 to 17 years","(X)","(X)","12.9%","±0.4","(X)","(X)","8.3%","±1.7","(X)","(X)","14.0%","±3.2","(X)","(X)","14.1%","±1.1","(X)","(X)","12.4%","±10.2","(X)","(X)","13.7%","±1.0","(X)","(X)","10.5%","±1.9","(X)","(X)","24.9%","±1.5","(X)","(X)","11.3%","±2.7","(X)","(X)","7.7%","±0.6","(X)","(X)","11.4%","±12.8","(X)","(X)","6.2%","±0.8","(X)","(X)","9.2%","±1.2","(X)","(X)","29.1%","±1.7","(X)","(X)","11.9%","±0.9"
"    18 years and over","(X)","(X)","10.0%","±0.1","(X)","(X)","6.6%","±0.5","(X)","(X)","10.4%","±0.8","(X)","(X)","10.1%","±0.4","(X)","(X)","7.0%","±2.5","(X)","(X)","9.6%","±0.4","(X)","(X)","9.8%","±1.0","(X)","(X)","14.6%","±0.5","(X)","(X)","13.5%","±0.9","(X)","(X)","7.8%","±0.2","(X)","(X)","7.6%","±2.3","(X)","(X)","6.5%","±0.3","(X)","(X)","7.0%","±0.4","(X)","(X)","17.5%","±0.5","(X)","(X)","9.7%","±0.3"
"    18 to 64 years","(X)","(X)","10.2%","±0.2","(X)","(X)","7.3%","±0.6","(X)","(X)","11.8%","±1.0","(X)","(X)","10.2%","±0.4","(X)","(X)","6.3%","±2.5","(X)","(X)","9.5%","±0.4","(X)","(X)","11.0%","±1.2","(X)","(X)","15.6%","±0.6","(X)","(X)","15.3%","±1.1","(X)","(X)","7.8%","±0.3","(X)","(X)","8.1%","±2.7","(X)","(X)","6.4%","±0.4","(X)","(X)","7.0%","±0.5","(X)","(X)","17.2%","±0.5","(X)","(X)","10.0%","±0.3"
"    65 years and over","(X)","(X)","9.0%","±0.2","(X)","(X)","5.2%","±0.6","(X)","(X)","6.6%","±1.0","(X)","(X)","9.8%","±0.7","(X)","(X)","9.0%","±4.9","(X)","(X)","9.6%","±0.6","(X)","(X)","5.9%","±1.4","(X)","(X)","10.5%","±0.7","(X)","(X)","7.1%","±1.1","(X)","(X)","7.6%","±0.5","(X)","(X)","5.0%","±3.0","(X)","(X)","7.1%","±0.6","(X)","(X)","6.9%","±0.7","(X)","(X)","19.2%","±1.2","(X)","(X)","8.6%","±0.6"
"    People in families","(X)","(X)","7.7%","±0.2","(X)","(X)","4.5%","±0.6","(X)","(X)","7.9%","±1.1","(X)","(X)","8.7%","±0.5","(X)","(X)","4.1%","±2.6","(X)","(X)","8.3%","±0.5","(X)","(X)","6.1%","±0.8","(X)","(X)","14.4%","±0.7","(X)","(X)","6.6%","±1.1","(X)","(X)","5.2%","±0.3","(X)","(X)","4.5%","±3.7","(X)","(X)","4.0%","±0.4","(X)","(X)","5.4%","±0.5","(X)","(X)","15.4%","±0.7","(X)","(X)","7.3%","±0.4"
"    Unrelated individuals 15 years and over","(X)","(X)","22.0%","±0.3","(X)","(X)","15.6%","±1.2","(X)","(X)","21.5%","±1.7","(X)","(X)","23.0%","±1.0","(X)","(X)","21.0%","±7.4","(X)","(X)","21.4%","±1.0","(X)","(X)","22.5%","±2.7","(X)","(X)","27.7%","±1.2","(X)","(X)","31.2%","±1.9","(X)","(X)","18.3%","±0.6","(X)","(X)","18.7%","±5.3","(X)","(X)","17.3%","±1.0","(X)","(X)","19.8%","±1.2","(X)","(X)","26.7%","±0.7","(X)","(X)","23.4%","±0.8"